username,total_days,total_hours,video_views,textbook_views,solved_tasks,average_attempt_count,forum_activity
abrosimovaoe,44,306675,24,25,86,2,0
akimovnv,32,554704,87,4,256,2,0
alenatresh,69,1381121,116,25,274,2,0
anastasiiashadchneva,58,712980,2,9,150,2,0
andrey_andreew,59,691876,128,17,284,1,0
antondnn,59,610631,32,24,183,2,0
antoni_chupis,45,480124,89,25,216,2,1
antonkireew,52,728128,99,10,221,2,0
bachelor_itmo,3,1,0,0,0,0,0
balashovasa,23,232151,19,4,38,1,0
bazhutinaov,53,786899,113,9,280,1,0
boitsev,9,53565,0,0,0,0,0
bondarevskijmn,59,649908,35,20,64,1,0
braunve,32,170301,26,11,63,2,0
burbelaas,57,1077851,135,4,246,2,0
cherepanovaev,75,864778,153,3,337,2,0
chursinovys,18,225424,15,4,21,1,0
dajbageds,64,1127314,152,26,342,2,0
demidovaee,63,1149007,66,26,181,2,0
dgluschenko,46,950643,104,15,229,1,3
dmitrysheshukov,1,24,0,0,0,0,0
dubravinna,44,419186,83,16,200,2,0
dvolchek,59,435960,3,3,6,3,1
dyachenkoov,51,697147,94,16,211,2,0
dyakonovasg,55,842279,79,12,155,1,0
egmichailova,4,20584,0,4,1,1,0
evsikovks,22,252864,45,2,153,2,0
ezhovaga,66,1091577,107,23,270,2,0
fadeevrv,90,1140292,95,25,223,1,0
fastmotor,8,72370,8,1,8,3,0
gadzhieva_elvira,74,1776043,132,15,295,2,0
gorbunovaa,30,267864,13,3,42,2,0
gorumo,74,506298,0,9,6,2,3
grafeeva,16,61124,0,5,0,0,0
gudisea,20,196644,14,2,36,4,0
hodyrevan,67,860633,72,20,152,3,0
holodnayaev,10,173089,8,1,20,1,0
ibatullinaav,46,630595,46,7,86,2,0
id_brunetochka,48,391987,66,8,157,2,0
id160430089,36,343727,84,2,215,2,1
kazymovaya,46,423411,111,17,281,2,0
komarovdi,28,478182,51,16,257,2,0
konyaev-alexsandr,53,719328,83,25,134,2,0
kotovaly,91,1433647,82,24,284,2,1
kozminyhms,59,474445,120,26,251,2,0
kozyrevaes,34,250300,59,2,167,2,0
krapivinasa,22,284321,28,25,121,2,1
krylovaos,61,869825,85,25,195,2,0
kucheruksv,82,1368173,81,12,236,2,6
kushmanovati,42,703027,93,17,235,2,0
kuznecovaem,10,106729,10,25,19,3,0
lactea,32,268659,37,6,94,1,0
larkk31,1,42,0,1,0,0,0
lazutkinn,60,725496,117,17,262,2,0
lazyrinms,18,80013,16,0,58,2,0
lohnevaei,62,755152,89,1,186,2,0
lyalikovavg,50,587918,120,24,325,2,1
mariia_i,2,33626,2,0,4,1,0
markinaekal,31,245180,26,16,80,1,0
martyshevdv,55,586542,88,4,242,2,0
matveevamn,21,155869,14,4,17,2,0
matveyukov,60,796238,53,25,256,1,0
mdobrobaba,16,211915,9,2,10,1,0
mengyas,67,1139321,97,17,226,2,0
mezan,73,1025272,84,3,206,2,0
mihajlovaev,58,726411,37,11,125,2,2
mileniniv,67,1203751,130,25,299,2,4
mironovaekal,31,350132,57,3,108,2,0
mishchenkoma,28,319594,53,25,222,2,0
muravevalv,48,552980,73,12,254,2,0
novikovaea,19,336215,17,8,6,1,0
obedkovaav,16,173370,14,25,24,2,0
oegorova,27,124897,0,0,0,0,0
OlgaStrelnikova,59,669260,116,12,289,2,0
paaashaaa,2,1165,0,0,0,0,0
parnovaim,49,664466,95,23,253,1,0
pavlovatv,58,572988,156,6,172,2,0
petrik,5,1791,0,0,0,0,0
petrovake,64,808773,81,26,219,2,0
petrovarts,63,1098055,104,7,245,2,0
plotnikoviv,23,194376,20,8,40,3,0
polikarpovoa,63,816450,94,26,264,1,0
ponkratovaaa,56,1286217,52,13,195,1,1
popovaanvl,17,125596,21,2,38,3,0
popovaverval,65,737013,85,13,213,1,0
ratnersv,26,400072,114,25,280,1,0
reshetnikovams,27,272982,57,19,95,2,0
rezaiann,1,3,1,0,0,0,0
rigosikos,45,384949,42,25,134,2,9
rogozinaiv,65,531973,64,4,184,2,2
rustamazimov19021995,1,19,0,0,0,0,0
ryattelav,67,1073710,79,26,197,2,0
rylevagv,40,670228,88,26,244,2,0
salihover,17,74297,10,1,12,2,0
samohinavalo,46,408456,32,8,95,2,0
savelevmm,59,602046,32,9,147,2,0
semenovnn,20,181093,14,1,30,1,0
shchitovaaa,18,149694,22,0,129,2,0
shishkovavm,72,1585553,114,25,278,2,9
shulikavg,39,527406,46,3,216,1,0
silaevama,65,639723,110,25,267,1,0
sivakovia,32,366941,158,25,342,1,0
sizovny,28,267063,47,2,92,1,0
skopincevan,64,825971,5,20,186,2,1
smolchenkomy,68,915349,110,8,309,1,0
soa_,43,208366,56,14,201,1,0
sobolevama,74,1246534,123,25,302,2,1
solodilovasv,57,671219,59,10,146,2,0
sorokinasofig,26,358425,21,23,68,2,0
suprun_a,64,857785,109,15,281,1,0
tanyaahtanya,67,975303,107,22,267,2,0
tishchenkodv,67,1493108,62,26,210,2,0
troyanovaa,88,1779281,107,12,150,2,0
ulyanovay,5,49224,4,0,5,2,0
vlasovne,9,60135,14,5,28,2,0
volkovayv,43,500726,49,25,182,2,0
vorobevmy,41,334257,76,13,189,2,0
xmmmmm,65,696440,52,25,175,2,1
yakovlevairn,9,59631,15,1,27,2,0
yurevaoa,76,583888,158,21,342,1,0
zamulinaov,61,730137,134,18,305,1,0
zaripovagm,14,106134,5,1,7,2,0
zhmurinaad,34,462502,65,14,171,2,1
zlobnovaai,41,369359,38,4,145,2,0
zyryanovamo,36,729638,72,6,225,2,0
